{"cameraMode":{"drawMode":0,"name":"Shaded","section":"Shading Mode"},"sceneLighting":true,"audioPlay":false,"sceneViewState":{"showFog":true,"showMaterialUpdate":false,"showSkybox":true,"showFlares":true,"showImageEffects":true,"showParticleSystems":true},"in2DMode":false,"pivot":{"x":-2.220337390899658,"y":1.3925895690917969,"z":-1.2791738510131837},"rotation":{"x":-0.10432203114032746,"y":0.8678696751594544,"z":-0.2057797908782959,"w":-0.43997424840927126},"size":6.780333042144775,"orthographic":false}