{"cameraMode":{"drawMode":0,"name":"Shaded","section":"Shading Mode"},"sceneLighting":true,"audioPlay":false,"sceneViewState":{"showFog":true,"showMaterialUpdate":false,"showSkybox":true,"showFlares":true,"showImageEffects":true,"showParticleSystems":true,"showVisualEffectGraphs":true,"m_FxEnabled":true},"in2DMode":false,"pivot":{"x":-6.906891822814941,"y":-20.4648380279541,"z":-149.4215087890625},"rotation":{"x":-0.00023084832355380058,"y":-0.9656684398651123,"z":0.2597947120666504,"w":-0.0008630263619124889},"size":25.175168991088868,"orthographic":false}