{"cameraMode":{"drawMode":0,"name":"Shaded","section":"Shading Mode"},"sceneLighting":false,"audioPlay":false,"sceneViewState":{"showFog":true,"showMaterialUpdate":false,"showSkybox":false,"showFlares":true,"showImageEffects":true,"showParticleSystems":true},"in2DMode":false,"pivot":{"x":-35.37607955932617,"y":9.358185768127442,"z":-18.231401443481447},"rotation":{"x":0.08319903165102005,"y":-0.837942361831665,"z":0.13333255052566529,"w":0.5227048993110657},"size":24.813547134399415,"orthographic":false}