{"cameraMode":{"drawMode":0,"name":"Shaded","section":"Shading Mode"},"sceneLighting":false,"audioPlay":false,"sceneViewState":{"showFog":true,"showMaterialUpdate":false,"showSkybox":false,"showFlares":true,"showImageEffects":true,"showParticleSystems":true},"in2DMode":false,"pivot":{"x":-68.66938018798828,"y":31.689701080322267,"z":-58.287113189697269},"rotation":{"x":0.07419227808713913,"y":-0.9037083983421326,"z":0.1745460033416748,"w":0.38392597436904909},"size":56.71812057495117,"orthographic":false}