{"cameraMode":{"drawMode":0,"name":"Shaded","section":"Shading Mode"},"sceneLighting":false,"audioPlay":false,"sceneViewState":{"showFog":true,"showMaterialUpdate":false,"showSkybox":false,"showFlares":true,"showImageEffects":true,"showParticleSystems":true},"in2DMode":false,"pivot":{"x":-15.433486938476563,"y":2.744600296020508,"z":-28.39683723449707},"rotation":{"x":0.21226739883422852,"y":0.6339945793151856,"z":-0.1870201677083969,"w":0.719779372215271},"size":32.09086990356445,"orthographic":false}