{"cameraMode":{"drawMode":0,"name":"Shaded","section":"Shading Mode"},"sceneLighting":false,"audioPlay":false,"sceneViewState":{"showFog":true,"showMaterialUpdate":false,"showSkybox":false,"showFlares":true,"showImageEffects":true,"showParticleSystems":true},"in2DMode":false,"pivot":{"x":-72.80000305175781,"y":8.5,"z":-40.599998474121097},"rotation":{"x":0.07419227808713913,"y":-0.9037083983421326,"z":0.1745460033416748,"w":0.38392597436904909},"size":24.576065063476564,"orthographic":false}